airlines-1464602228450,2016-05-30 11:57:08,2016-05-30
airlines-1464609546579,2016-05-30 13:59:06,2016-05-30
airlines-1464618733587,2016-05-30 16:32:13,2016-05-30
airlines-1464680391642,2016-05-31 09:39:51,2016-05-31
airlines-1464723251641,2016-05-31 21:34:11,2016-05-31
airlines-1464768249072,2016-06-01 10:04:09,2016-06-01
airlines-1464822271009,2016-06-02 01:04:31,2016-06-02
airlines-1464885818551,2016-06-02 18:43:38,2016-06-02
airlines-1464947752079,2016-06-03 11:55:52,2016-06-03
airlines-1464997463271,2016-06-04 01:44:23,2016-06-04
airlines-1465073304752,2016-06-04 22:48:24,2016-06-04
airlines-1465161174895.json,2016-06-05 23:12:54,2016-06-05
airlines-1465230427503.json,2016-06-06 18:27:07,2016-06-06
airlines-1465298808283.json,2016-06-07 13:26:48,2016-06-07
airlines-1465344380657.json,2016-06-08 02:06:20,2016-06-08
airlines-1465412294323.json,2016-06-08 20:58:14,2016-06-08
airlines-1465483005308.json,2016-06-09 16:36:45,2016-06-09
airlines-1465534214323.json,2016-06-10 06:50:14,2016-06-10
airlines-1465583507029.json,2016-06-10 20:31:47,2016-06-10
airlines-1465662191869.json,2016-06-11 18:23:11,2016-06-11
airlines-1465737587349.json,2016-06-12 15:19:47,2016-06-12
airlines-1465793216174.json,2016-06-13 06:46:56,2016-06-13
airlines-1466407353635.json,2016-06-20 09:22:33,2016-06-20
airlines-1466411979755.json,2016-06-20 10:39:39,2016-06-20
airlines-1466433944281.json,2016-06-20 16:45:44,2016-06-20
airlines-1466499991600.json,2016-06-21 11:06:31,2016-06-21
airlines-1466539813539.json,2016-06-21 22:10:13,2016-06-21
airlines-1466599847316.json,2016-06-22 14:50:47,2016-06-22
airlines-1466653659644.json,2016-06-23 05:47:39,2016-06-23
airlines-1466713452384.json,2016-06-23 22:24:12,2016-06-23
airlines-1466757799806.json,2016-06-24 10:43:19,2016-06-24
airlines-1466788425318.json,2016-06-24 19:13:45,2016-06-24
airlines-1466817629016.json,2016-06-25 03:20:29,2016-06-25
airlines-1466853675263.json,2016-06-25 13:21:15,2016-06-25
airlines-1466892972378.json,2016-06-26 00:16:12,2016-06-26
airlines-1467025607763.json,2016-06-27 13:06:47,2016-06-27
airlines-1467060243912.json,2016-06-27 22:44:03,2016-06-27
airlines-1467116185406.json,2016-06-28 14:16:25,2016-06-28
airlines-1467165956064.json,2016-06-29 04:05:56,2016-06-29
airlines-1467229148197.json,2016-06-29 21:39:08,2016-06-29
airlines-1467299099999.json,2016-06-30 17:04:59,2016-06-30
airlines-1467367133262.json,2016-07-01 11:58:53,2016-07-01
airlines-1467393692147.json,2016-07-01 19:21:32,2016-07-01
airlines-1467450832877.json,2016-07-02 11:13:52,2016-07-02
airlines-1467504054108.json,2016-07-03 02:00:54,2016-07-03
airlines-1467576573188.json,2016-07-03 22:09:33,2016-07-03
airlines-1467642858511.json,2016-07-04 16:34:18,2016-07-04
airlines-1467712806400.json,2016-07-05 12:00:06,2016-07-05
airlines-1467780483206.json,2016-07-06 06:48:03,2016-07-06
airlines-1467792745005.json,2016-07-06 10:12:25,2016-07-06
airlines-1467793310350.json,2016-07-06 10:21:50,2016-07-06
airlines-1467849876748.json,2016-07-07 02:04:36,2016-07-07
airlines-1467921717088.json,2016-07-07 22:01:57,2016-07-07
airlines-1467958761323.json,2016-07-08 08:19:21,2016-07-08
airlines-1467984802645.json,2016-07-08 15:33:22,2016-07-08
airlines-1468027556107.json,2016-07-09 03:25:56,2016-07-09
airlines-1468102378283.json,2016-07-10 00:12:58,2016-07-10
airlines-1468178950725.json,2016-07-10 21:29:10,2016-07-10
airlines-1468235067929.json,2016-07-11 13:04:27,2016-07-11
airlines-1468281969321.json,2016-07-12 02:06:09,2016-07-12
airlines-1468345044220.json,2016-07-12 19:37:24,2016-07-12
airlines-1468407141984.json,2016-07-13 12:52:21,2016-07-13
airlines-1468454682615.json,2016-07-14 02:04:42,2016-07-14
airlines-1468509309248.json,2016-07-14 17:15:09,2016-07-14
airlines-1468560256205.json,2016-07-15 07:24:16,2016-07-15
airlines-1468614566673.json,2016-07-15 22:29:26,2016-07-15
airlines-1468662399064.json,2016-07-16 11:46:39,2016-07-16
airlines-1468696611129.json,2016-07-16 21:16:51,2016-07-16
airlines-1468745084632.json,2016-07-17 10:44:44,2016-07-17
airlines-1468791100991.json,2016-07-17 23:31:40,2016-07-17
airlines-1468860897681.json,2016-07-18 18:54:57,2016-07-18
airlines-1468928999919.json,2016-07-19 13:49:59,2016-07-19
airlines-1469005495260.json,2016-07-20 11:04:55,2016-07-20
airlines-1469064094950.json,2016-07-21 03:21:34,2016-07-21
airlines-1469111985602.json,2016-07-21 16:39:45,2016-07-21
airlines-1469171440429.json,2016-07-22 09:10:40,2016-07-22
airlines-1469221843854.json,2016-07-22 23:10:43,2016-07-22
airlines-1469295000192.json,2016-07-23 19:30:00,2016-07-23
airlines-1469377065777.json,2016-07-24 18:17:45,2016-07-24
airlines-1469443732241.json,2016-07-25 12:48:52,2016-07-25
airlines-1469485311424.json,2016-07-26 00:21:51,2016-07-26
airlines-1469545736017.json,2016-07-26 17:08:56,2016-07-26
airlines-1469609581493.json,2016-07-27 10:53:01,2016-07-27
airlines-1469652118605.json,2016-07-27 22:41:58,2016-07-27
airlines-1469701359484.json,2016-07-28 12:22:39,2016-07-28
airlines-1469743008279.json,2016-07-28 23:56:48,2016-07-28
airlines-1469806312529.json,2016-07-29 17:31:52,2016-07-29
airlines-1469870596478.json,2016-07-30 11:23:16,2016-07-30
airlines-1469944994457.json,2016-07-31 08:03:14,2016-07-31
airlines-1470010094523.json,2016-08-01 02:08:14,2016-08-01
airlines-1470071871972.json,2016-08-01 19:17:51,2016-08-01
airlines-1470135229609.json,2016-08-02 12:53:49,2016-08-02
airlines-1470177317925.json,2016-08-03 00:35:17,2016-08-03
airlines-1470235844370.json,2016-08-03 16:50:44,2016-08-03
airlines-1470273791792.json,2016-08-04 03:23:11,2016-08-04
airlines-1470342132740.json,2016-08-04 22:22:12,2016-08-04
airlines-1470416598945.json,2016-08-05 19:03:18,2016-08-05
airlines-1470503137219.json,2016-08-06 19:05:37,2016-08-06
airlines-1470588607169.json,2016-08-07 18:50:07,2016-08-07
airlines-1470661862381.json,2016-08-08 15:11:02,2016-08-08
airlines-1470715784083.json,2016-08-09 06:09:44,2016-08-09
airlines-1470751439958.json,2016-08-09 16:03:59,2016-08-09
airlines-1470820450528.json,2016-08-10 11:14:10,2016-08-10
airlines-1470881815545.json,2016-08-11 04:16:55,2016-08-11
airlines-1471865062039.json,2016-08-22 13:24:22,2016-08-22
airlines-1471908214451.json,2016-08-23 01:23:34,2016-08-23
airlines-1471944047293.json,2016-08-23 11:20:47,2016-08-23
airlines-1471961678549.json,2016-08-23 16:14:38,2016-08-23
airlines-1471982767077.json,2016-08-23 22:06:07,2016-08-23
airlines-1472021058443.json,2016-08-24 08:44:18,2016-08-24
airlines-1472059063871.json,2016-08-24 19:17:43,2016-08-24
airlines-1472118449320.json,2016-08-25 11:47:29,2016-08-25
airlines-1472164225027.json,2016-08-26 00:30:25,2016-08-26
airlines-1472220864336.json,2016-08-26 16:14:24,2016-08-26
airlines-1472294776837.json,2016-08-27 12:46:16,2016-08-27
airlines-1472392803671.json,2016-08-28 16:00:03,2016-08-28
airlines-1472470041482.json,2016-08-29 13:27:21,2016-08-29
airlines-1472544187428.json,2016-08-30 10:03:07,2016-08-30
airlines-1472580279037.json,2016-08-30 20:04:39,2016-08-30
airlines-1472620194461.json,2016-08-31 07:09:54,2016-08-31
airlines-1472662091753.json,2016-08-31 18:48:11,2016-08-31
airlines-1472715122376.json,2016-09-01 09:32:02,2016-09-01
airlines-1472755948144.json,2016-09-01 20:52:28,2016-09-01
airlines-1472812964250.json,2016-09-02 12:42:44,2016-09-02
airlines-1472870157738.json,2016-09-03 04:35:57,2016-09-03
airlines-1472916116124.json,2016-09-03 17:21:56,2016-09-03
airlines-1473006785757.json,2016-09-04 18:33:05,2016-09-04
airlines-1473086746326.json,2016-09-05 16:45:46,2016-09-05
airlines-1473151126978.json,2016-09-06 10:38:46,2016-09-06
airlines-1473199318142.json,2016-09-07 00:01:58,2016-09-07
airlines-1473265400496.json,2016-09-07 18:23:20,2016-09-07
airlines-1473329257724.json,2016-09-08 12:07:37,2016-09-08
airlines-1473398429295.json,2016-09-09 07:20:29,2016-09-09
airlines-1473434867583.json,2016-09-09 17:27:47,2016-09-09
airlines-1473445931758.json,2016-09-09 20:32:11,2016-09-09
airlines-1473456728030.json,2016-09-09 23:32:08,2016-09-09
airlines-1473468284775.json,2016-09-10 02:44:44,2016-09-10
airlines-1473482796010.json,2016-09-10 06:46:36,2016-09-10
airlines-1473506500531.json,2016-09-10 13:21:40,2016-09-10
airlines-1473523658983.json,2016-09-10 18:07:38,2016-09-10
airlines-1473544032681.json,2016-09-10 23:47:12,2016-09-10
airlines-1473593806588.json,2016-09-11 13:36:46,2016-09-11
airlines-1473627060011.json,2016-09-11 22:51:00,2016-09-11
airlines-1473695505054.json,2016-09-12 17:51:45,2016-09-12
airlines-1473773644924.json,2016-09-13 15:34:04,2016-09-13
airlines-1473840654427.json,2016-09-14 10:10:54,2016-09-14
airlines-1473885004745.json,2016-09-14 22:30:04,2016-09-14
airlines-1473951763026.json,2016-09-15 17:02:43,2016-09-15
airlines-1474015965760.json,2016-09-16 10:52:45,2016-09-16
airlines-1474059664687.json,2016-09-16 23:01:04,2016-09-16
airlines-1474121577751.json,2016-09-17 16:12:57,2016-09-17
airlines-1474189402487.json,2016-09-18 11:03:22,2016-09-18
airlines-1474271141436.json,2016-09-19 09:45:41,2016-09-19
airlines-1474337083217.json,2016-09-20 04:04:43,2016-09-20
airlines-1474379891111.json,2016-09-20 15:58:11,2016-09-20
airlines-1474436618241.json,2016-09-21 07:43:38,2016-09-21
airlines-1474483139842.json,2016-09-21 20:38:59,2016-09-21
airlines-1474564669504.json,2016-09-22 19:17:49,2016-09-22
airlines-1474639518176.json,2016-09-23 16:05:18,2016-09-23
airlines-1474706536480.json,2016-09-24 10:42:16,2016-09-24
airlines-1474809519405.json,2016-09-25 15:18:39,2016-09-25
airlines-1474888158417.json,2016-09-26 13:09:18,2016-09-26
airlines-1474964171409.json,2016-09-27 10:16:11,2016-09-27
airlines-1475013173081.json,2016-09-27 23:52:53,2016-09-27
airlines-1475075543370.json,2016-09-28 17:12:23,2016-09-28
airlines-1475141277526.json,2016-09-29 11:27:57,2016-09-29
airlines-1475196046400.json,2016-09-30 02:40:46,2016-09-30
airlines-1475270289802.json,2016-09-30 23:18:09,2016-09-30
airlines-1475363666012.json,2016-10-02 01:14:26,2016-10-02
airlines-1475421711346.json,2016-10-02 17:21:51,2016-10-02
airlines-1475505109651.json,2016-10-03 16:31:49,2016-10-03
airlines-1475583324199.json,2016-10-04 14:15:24,2016-10-04
airlines-1475655104299.json,2016-10-05 10:11:44,2016-10-05
airlines-1475708016371.json,2016-10-06 00:53:36,2016-10-06
airlines-1475766175457.json,2016-10-06 17:02:55,2016-10-06
airlines-1475824852308.json,2016-10-07 09:20:52,2016-10-07
airlines-1475883790396.json,2016-10-08 01:43:10,2016-10-08
airlines-1475976553618.json,2016-10-09 03:29:13,2016-10-09
airlines-1476076082198.json,2016-10-10 07:08:02,2016-10-10
airlines-1476166755485.json,2016-10-11 08:19:15,2016-10-11
airlines-1476264503199.json,2016-10-12 11:28:23,2016-10-12
airlines-1476338825940.json,2016-10-13 08:07:05,2016-10-13
airlines-1476406046448.json,2016-10-14 02:47:26,2016-10-14
airlines-1476472816318.json,2016-10-14 21:20:16,2016-10-14
airlines-1476554739512.json,2016-10-15 20:05:39,2016-10-15
airlines-1476639968857.json,2016-10-16 19:46:08,2016-10-16
airlines-1476724428409.json,2016-10-17 19:13:48,2016-10-17
airlines-1476798725578.json,2016-10-18 15:52:05,2016-10-18
airlines-1476854230794.json,2016-10-19 07:17:10,2016-10-19
airlines-1476919056483.json,2016-10-20 01:17:36,2016-10-20
airlines-1476985446051.json,2016-10-20 19:44:06,2016-10-20
airlines-1477063233815.json,2016-10-21 17:20:33,2016-10-21
airlines-1477150094537.json,2016-10-22 17:28:14,2016-10-22
airlines-1477237677155.json,2016-10-23 17:47:57,2016-10-23
airlines-1477316219223.json,2016-10-24 15:36:59,2016-10-24
airlines-1477344541685.json,2016-10-24 23:29:01,2016-10-24
airlines-1477411431115.json,2016-10-25 18:03:51,2016-10-25
airlines-1477478154494.json,2016-10-26 12:35:54,2016-10-26
airlines-1477526561643.json,2016-10-27 02:02:41,2016-10-27
airlines-1477574435441.json,2016-10-27 15:20:35,2016-10-27
airlines-1477637314430.json,2016-10-28 08:48:34,2016-10-28
airlines-1477685334501.json,2016-10-28 22:08:54,2016-10-28
airlines-1477723930960.json,2016-10-29 08:52:10,2016-10-29
airlines-1477789531387.json,2016-10-30 02:05:31,2016-10-30
airlines-1477881791145.json,2016-10-31 03:43:11,2016-10-31
airlines-1477942900779.json,2016-10-31 20:41:40,2016-10-31
airlines-1478001776960.json,2016-11-01 13:02:56,2016-11-01
airlines-1478046464678.json,2016-11-02 01:27:44,2016-11-02
airlines-1478101145291.json,2016-11-02 16:39:05,2016-11-02
airlines-1478148810495.json,2016-11-03 05:53:30,2016-11-03
airlines-1478197595200.json,2016-11-03 19:26:35,2016-11-03
airlines-1478266228356.json,2016-11-04 14:30:28,2016-11-04
airlines-1478307556641.json,2016-11-05 01:59:16,2016-11-05
airlines-1478352535179.json,2016-11-05 14:28:55,2016-11-05
airlines-1478422325804.json,2016-11-06 09:52:05,2016-11-06
airlines-1478457623782.json,2016-11-06 19:40:23,2016-11-06
airlines-1479219802911.json,2016-11-15 15:23:22,2016-11-15
airlines-1479297370966.json,2016-11-16 12:56:10,2016-11-16
airlines-1479364965153.json,2016-11-17 07:42:45,2016-11-17
airlines-1479446908368.json,2016-11-18 06:28:28,2016-11-18
airlines-1479524572074.json,2016-11-19 04:02:52,2016-11-19
airlines-1479600749031.json,2016-11-20 01:12:29,2016-11-20
airlines-1479703170372.json,2016-11-21 05:39:30,2016-11-21
airlines-1479768891100.json,2016-11-21 23:54:51,2016-11-21
airlines-1479830823110.json,2016-11-22 17:07:03,2016-11-22
airlines-1479869413910.json,2016-11-23 03:50:13,2016-11-23
airlines-1479898030710.json,2016-11-23 11:47:10,2016-11-23
airlines-1479920771441.json,2016-11-23 18:06:11,2016-11-23
airlines-1479958742140.json,2016-11-24 04:39:02,2016-11-24
airlines-1480002724688.json,2016-11-24 16:52:04,2016-11-24
airlines-1480055770435.json,2016-11-25 07:36:10,2016-11-25
airlines-1480089867693.json,2016-11-25 17:04:27,2016-11-25
airlines-1480151571493.json,2016-11-26 10:12:51,2016-11-26
airlines-1480226433077.json,2016-11-27 07:00:33,2016-11-27
airlines-1480284336534.json,2016-11-27 23:05:36,2016-11-27
airlines-1480336622848.json,2016-11-28 13:37:02,2016-11-28
airlines-1480369851402.json,2016-11-28 22:50:51,2016-11-28
airlines-1480419661441.json,2016-11-29 12:41:01,2016-11-29
airlines-1480461251244.json,2016-11-30 00:14:11,2016-11-30
airlines-1480513389926.json,2016-11-30 14:43:09,2016-11-30
airlines-1480559981850.json,2016-12-01 03:39:41,2016-12-01
airlines-1480620711504.json,2016-12-01 20:31:51,2016-12-01
airlines-1480687586762.json,2016-12-02 15:06:26,2016-12-02
airlines-1480760396075.json,2016-12-03 11:19:56,2016-12-03
airlines-1480824255967.json,2016-12-04 05:04:15,2016-12-04
airlines-1480884037594.json,2016-12-04 21:40:37,2016-12-04
airlines-1480947048399.json,2016-12-05 15:10:48,2016-12-05
airlines-1481010220820.json,2016-12-06 08:43:40,2016-12-06
airlines-1481062803273.json,2016-12-06 23:20:03,2016-12-06
airlines-1481121334099.json,2016-12-07 15:35:34,2016-12-07
airlines-1481176039015.json,2016-12-08 06:47:19,2016-12-08
airlines-1481223727794.json,2016-12-08 20:02:07,2016-12-08
airlines-1481290549713.json,2016-12-09 14:35:49,2016-12-09
airlines-1481342646233.json,2016-12-10 05:04:06,2016-12-10
airlines-1481392172739.json,2016-12-10 18:49:32,2016-12-10
airlines-1481465808573.json,2016-12-11 15:16:48,2016-12-11
airlines-1481542439075.json,2016-12-12 12:33:59,2016-12-12
airlines-1481598652914.json,2016-12-13 04:10:52,2016-12-13
airlines-1481651277526.json,2016-12-13 18:47:57,2016-12-13
airlines-1481717344598.json,2016-12-14 13:09:04,2016-12-14
airlines-1481764386326.json,2016-12-15 02:13:06,2016-12-15
airlines-1481824684106.json,2016-12-15 18:58:04,2016-12-15
airlines-1481893402414.json,2016-12-16 14:03:22,2016-12-16
airlines-1481949657212.json,2016-12-17 05:40:57,2016-12-17
airlines-1482003491944.json,2016-12-17 20:38:11,2016-12-17
airlines-1482061971445.json,2016-12-18 12:52:51,2016-12-18
airlines-1482126127555.json,2016-12-19 06:42:07,2016-12-19
airlines-1482185218041.json,2016-12-19 23:06:58,2016-12-19
airlines-1482252091880.json,2016-12-20 17:41:31,2016-12-20
airlines-1482324715035.json,2016-12-21 13:51:55,2016-12-21
airlines-1482364348764.json,2016-12-22 00:52:28,2016-12-22
airlines-1482421956565.json,2016-12-22 16:52:36,2016-12-22
airlines-1482490626109.json,2016-12-23 11:57:06,2016-12-23
airlines-1482544285410.json,2016-12-24 02:51:25,2016-12-24
airlines-1482590377975.json,2016-12-24 15:39:37,2016-12-24
airlines-1482660742218.json,2016-12-25 11:12:22,2016-12-25
airlines-1482745052417.json,2016-12-26 10:37:32,2016-12-26
airlines-1482809880397.json,2016-12-27 04:38:00,2016-12-27
airlines-1482869941087.json,2016-12-27 21:19:01,2016-12-27
airlines-1482929701072.json,2016-12-28 13:55:01,2016-12-28
airlines-1482973345125.json,2016-12-29 02:02:25,2016-12-29
airlines-1485513828349.json,2017-01-27 11:43:48,2017-01-27
airlines-1485606520693.json,2017-01-28 13:28:40,2017-01-28
airlines-1485629034920.json,2017-01-28 19:43:54,2017-01-28
airlines-1485652508006.json,2017-01-29 02:15:08,2017-01-29
airlines-1485700844296.json,2017-01-29 15:40:44,2017-01-29
airlines-1485766861072.json,2017-01-30 10:01:01,2017-01-30
airlines-1485825341232.json,2017-01-31 02:15:41,2017-01-31
airlines-1485894567743.json,2017-01-31 21:29:27,2017-01-31
airlines-1485973452837.json,2017-02-01 19:24:12,2017-02-01
airlines-1486053829536.json,2017-02-02 17:43:49,2017-02-02
airlines-1486105270143.json,2017-02-03 08:01:10,2017-02-03
airlines-1486150940639.json,2017-02-03 20:42:20,2017-02-03
airlines-1486223355128.json,2017-02-04 16:49:15,2017-02-04
airlines-1486315983250.json,2017-02-05 18:33:03,2017-02-05
airlines-1486395804641.json,2017-02-06 16:43:24,2017-02-06
airlines-1486473956607.json,2017-02-07 14:25:56,2017-02-07
airlines-1486554069378.json,2017-02-08 12:41:09,2017-02-08
airlines-1486608541828.json,2017-02-09 03:49:01,2017-02-09
airlines-1486667878625.json,2017-02-09 20:17:58,2017-02-09
airlines-1486756277442.json,2017-02-10 20:51:17,2017-02-10
airlines-1486841489590.json,2017-02-11 20:31:29,2017-02-11
airlines-1486956990659.json,2017-02-13 04:36:30,2017-02-13
airlines-1487058931359.json,2017-02-14 08:55:31,2017-02-14
airlines-1487153748299.json,2017-02-15 11:15:48,2017-02-15
airlines-1487223693360.json,2017-02-16 06:41:33,2017-02-16
airlines-1487279629162.json,2017-02-16 22:13:49,2017-02-16
airlines-1487358647619.json,2017-02-17 20:10:47,2017-02-17
airlines-1487462965546.json,2017-02-19 01:09:25,2017-02-19
airlines-1487574610734.json,2017-02-20 08:10:10,2017-02-20
airlines-1487637224672.json,2017-02-21 01:33:44,2017-02-21
airlines-1487693507829.json,2017-02-21 17:11:47,2017-02-21
airlines-1487774822901.json,2017-02-22 15:47:02,2017-02-22
airlines-1487850149484.json,2017-02-23 12:42:29,2017-02-23
airlines-1487917845265.json,2017-02-24 07:30:45,2017-02-24
airlines-1488001351344.json,2017-02-25 06:42:31,2017-02-25
airlines-1488098617907.json,2017-02-26 09:43:37,2017-02-26
airlines-1488193264682.json,2017-02-27 12:01:04,2017-02-27
airlines-1488281431881.json,2017-02-28 12:30:31,2017-02-28
airlines-1488362192181.json,2017-03-01 10:56:32,2017-03-01
airlines-1488449315694.json,2017-03-02 11:08:35,2017-03-02
airlines-1488538841148.json,2017-03-03 12:00:41,2017-03-03
airlines-1488626077973.json,2017-03-04 12:14:37,2017-03-04
airlines-1488743491220.json,2017-03-05 20:51:31,2017-03-05
airlines-1488826708400.json,2017-03-06 19:58:28,2017-03-06
airlines-1488908312943.json,2017-03-07 18:38:32,2017-03-07
airlines-1488988992032.json,2017-03-08 17:03:12,2017-03-08
airlines-1489070851659.json,2017-03-09 15:47:31,2017-03-09
airlines-1489151135904.json,2017-03-10 14:05:35,2017-03-10
airlines-1489216030534.json,2017-03-11 08:07:10,2017-03-11
airlines-1489325769532.json,2017-03-12 14:36:09,2017-03-12
airlines-1489412009707.json,2017-03-13 14:33:29,2017-03-13
airlines-1489468695709.json,2017-03-14 06:18:15,2017-03-14
airlines-1489529720913.json,2017-03-14 23:15:20,2017-03-14
airlines-1489593855093.json,2017-03-15 17:04:15,2017-03-15
airlines-1489666256161.json,2017-03-16 13:10:56,2017-03-16
airlines-1489741324149.json,2017-03-17 10:02:04,2017-03-17
airlines-1489821386831.json,2017-03-18 08:16:26,2017-03-18
airlines-1489901410616.json,2017-03-19 06:30:10,2017-03-19
airlines-1489994327829.json,2017-03-20 08:18:47,2017-03-20
airlines-1490084215602.json,2017-03-21 09:16:55,2017-03-21
airlines-1490164094511.json,2017-03-22 07:28:14,2017-03-22
airlines-1490222308370.json,2017-03-22 23:38:28,2017-03-22
airlines-1490320714831.json,2017-03-24 02:58:34,2017-03-24
airlines-1490391325446.json,2017-03-24 22:35:25,2017-03-24
airlines-1490526807148.json,2017-03-26 13:13:27,2017-03-26
airlines-1490607682334.json,2017-03-27 11:41:22,2017-03-27
airlines-1490648187773.json,2017-03-27 22:56:27,2017-03-27
airlines-1490714864176.json,2017-03-28 17:27:44,2017-03-28
airlines-1490787099697.json,2017-03-29 13:31:39,2017-03-29
