airlines-1464602228450,2016-05-30
airlines-1464609546579,2016-05-30
airlines-1464618733587,2016-05-30
airlines-1464680391642,2016-05-31
airlines-1464723251641,2016-05-31
airlines-1464768249072,2016-06-01
airlines-1464822271009,2016-06-02
airlines-1464885818551,2016-06-02
airlines-1464947752079,2016-06-03
airlines-1464997463271,2016-06-04
airlines-1465073304752,2016-06-04
airlines-1465161174895.json,2016-06-05
airlines-1465230427503.json,2016-06-06
airlines-1465298808283.json,2016-06-07
airlines-1465344380657.json,2016-06-08
airlines-1465412294323.json,2016-06-08
airlines-1465483005308.json,2016-06-09
airlines-1465534214323.json,2016-06-10
airlines-1465583507029.json,2016-06-10
airlines-1465662191869.json,2016-06-11
airlines-1465737587349.json,2016-06-12
airlines-1465793216174.json,2016-06-13
airlines-1466407353635.json,2016-06-20
airlines-1466411979755.json,2016-06-20
airlines-1466433944281.json,2016-06-20
airlines-1466499991600.json,2016-06-21
airlines-1466539813539.json,2016-06-21
airlines-1466599847316.json,2016-06-22
airlines-1466653659644.json,2016-06-23
airlines-1466713452384.json,2016-06-23
airlines-1466757799806.json,2016-06-24
airlines-1466788425318.json,2016-06-24
airlines-1466817629016.json,2016-06-25
airlines-1466853675263.json,2016-06-25
airlines-1466892972378.json,2016-06-26
airlines-1467025607763.json,2016-06-27
airlines-1467060243912.json,2016-06-27
airlines-1467116185406.json,2016-06-28
airlines-1467165956064.json,2016-06-29
airlines-1467229148197.json,2016-06-29
airlines-1467299099999.json,2016-06-30
airlines-1467367133262.json,2016-07-01
airlines-1467393692147.json,2016-07-01
airlines-1467450832877.json,2016-07-02
airlines-1467504054108.json,2016-07-03
airlines-1467576573188.json,2016-07-03
airlines-1467642858511.json,2016-07-04
airlines-1467712806400.json,2016-07-05
airlines-1467780483206.json,2016-07-06
airlines-1467792745005.json,2016-07-06
airlines-1467793310350.json,2016-07-06
airlines-1467849876748.json,2016-07-07
airlines-1467921717088.json,2016-07-07
airlines-1467958761323.json,2016-07-08
airlines-1467984802645.json,2016-07-08
airlines-1468027556107.json,2016-07-09
airlines-1468102378283.json,2016-07-10
airlines-1468178950725.json,2016-07-10
airlines-1468235067929.json,2016-07-11
airlines-1468281969321.json,2016-07-12
airlines-1468345044220.json,2016-07-12
airlines-1468407141984.json,2016-07-13
airlines-1468454682615.json,2016-07-14
airlines-1468509309248.json,2016-07-14
airlines-1468560256205.json,2016-07-15
airlines-1468614566673.json,2016-07-15
airlines-1468662399064.json,2016-07-16
airlines-1468696611129.json,2016-07-16
airlines-1468745084632.json,2016-07-17
airlines-1468791100991.json,2016-07-17
airlines-1468860897681.json,2016-07-18
airlines-1468928999919.json,2016-07-19
airlines-1469005495260.json,2016-07-20
airlines-1469064094950.json,2016-07-21
airlines-1469111985602.json,2016-07-21
airlines-1469171440429.json,2016-07-22
airlines-1469221843854.json,2016-07-22
airlines-1469295000192.json,2016-07-23
airlines-1469377065777.json,2016-07-24
airlines-1469443732241.json,2016-07-25
airlines-1469485311424.json,2016-07-26
airlines-1469545736017.json,2016-07-26
airlines-1469609581493.json,2016-07-27
airlines-1469652118605.json,2016-07-27
airlines-1469701359484.json,2016-07-28
airlines-1469743008279.json,2016-07-28
airlines-1469806312529.json,2016-07-29
airlines-1469870596478.json,2016-07-30
airlines-1469944994457.json,2016-07-31
airlines-1470010094523.json,2016-08-01
airlines-1470071871972.json,2016-08-01
airlines-1470135229609.json,2016-08-02
airlines-1470177317925.json,2016-08-03
airlines-1470235844370.json,2016-08-03
airlines-1470273791792.json,2016-08-04
airlines-1470342132740.json,2016-08-04
airlines-1470416598945.json,2016-08-05
airlines-1470503137219.json,2016-08-06
airlines-1470588607169.json,2016-08-07
airlines-1470661862381.json,2016-08-08
airlines-1470715784083.json,2016-08-09
airlines-1470751439958.json,2016-08-09
airlines-1470820450528.json,2016-08-10
airlines-1470881815545.json,2016-08-11
airlines-1471865062039.json,2016-08-22
airlines-1471908214451.json,2016-08-23
airlines-1471944047293.json,2016-08-23
airlines-1471961678549.json,2016-08-23
airlines-1471982767077.json,2016-08-23
airlines-1472021058443.json,2016-08-24
airlines-1472059063871.json,2016-08-24
airlines-1472118449320.json,2016-08-25
airlines-1472164225027.json,2016-08-26
airlines-1472220864336.json,2016-08-26
airlines-1472294776837.json,2016-08-27
airlines-1472392803671.json,2016-08-28
airlines-1472470041482.json,2016-08-29
airlines-1472544187428.json,2016-08-30
airlines-1472580279037.json,2016-08-30
airlines-1472620194461.json,2016-08-31
airlines-1472662091753.json,2016-08-31
airlines-1472715122376.json,2016-09-01
airlines-1472755948144.json,2016-09-01
airlines-1472812964250.json,2016-09-02
airlines-1472870157738.json,2016-09-03
airlines-1472916116124.json,2016-09-03
airlines-1473006785757.json,2016-09-04
airlines-1473086746326.json,2016-09-05
airlines-1473151126978.json,2016-09-06
airlines-1473199318142.json,2016-09-07
airlines-1473265400496.json,2016-09-07
airlines-1473329257724.json,2016-09-08
airlines-1473398429295.json,2016-09-09
airlines-1473434867583.json,2016-09-09
airlines-1473445931758.json,2016-09-09
airlines-1473456728030.json,2016-09-09
airlines-1473468284775.json,2016-09-10
airlines-1473482796010.json,2016-09-10
airlines-1473506500531.json,2016-09-10
airlines-1473523658983.json,2016-09-10
airlines-1473544032681.json,2016-09-10
airlines-1473593806588.json,2016-09-11
airlines-1473627060011.json,2016-09-11
airlines-1473695505054.json,2016-09-12
airlines-1473773644924.json,2016-09-13
airlines-1473840654427.json,2016-09-14
airlines-1473885004745.json,2016-09-14
airlines-1473951763026.json,2016-09-15
airlines-1474015965760.json,2016-09-16
airlines-1474059664687.json,2016-09-16
airlines-1474121577751.json,2016-09-17
airlines-1474189402487.json,2016-09-18
airlines-1474271141436.json,2016-09-19
airlines-1474337083217.json,2016-09-20
airlines-1474379891111.json,2016-09-20
airlines-1474436618241.json,2016-09-21
airlines-1474483139842.json,2016-09-21
airlines-1474564669504.json,2016-09-22
airlines-1474639518176.json,2016-09-23
airlines-1474706536480.json,2016-09-24
airlines-1474809519405.json,2016-09-25
airlines-1474888158417.json,2016-09-26
airlines-1474964171409.json,2016-09-27
airlines-1475013173081.json,2016-09-27
airlines-1475075543370.json,2016-09-28
airlines-1475141277526.json,2016-09-29
airlines-1475196046400.json,2016-09-30
airlines-1475270289802.json,2016-09-30
airlines-1475363666012.json,2016-10-02
airlines-1475421711346.json,2016-10-02
airlines-1475505109651.json,2016-10-03
airlines-1475583324199.json,2016-10-04
airlines-1475655104299.json,2016-10-05
airlines-1475708016371.json,2016-10-06
airlines-1475766175457.json,2016-10-06
airlines-1475824852308.json,2016-10-07
airlines-1475883790396.json,2016-10-08
airlines-1475976553618.json,2016-10-09
airlines-1476076082198.json,2016-10-10
airlines-1476166755485.json,2016-10-11
airlines-1476264503199.json,2016-10-12
airlines-1476338825940.json,2016-10-13
airlines-1476406046448.json,2016-10-14
airlines-1476472816318.json,2016-10-14
airlines-1476554739512.json,2016-10-15
airlines-1476639968857.json,2016-10-16
airlines-1476724428409.json,2016-10-17
airlines-1476798725578.json,2016-10-18
airlines-1476854230794.json,2016-10-19
airlines-1476919056483.json,2016-10-20
airlines-1476985446051.json,2016-10-20
airlines-1477063233815.json,2016-10-21
airlines-1477150094537.json,2016-10-22
airlines-1477237677155.json,2016-10-23
airlines-1477316219223.json,2016-10-24
airlines-1477344541685.json,2016-10-24
airlines-1477411431115.json,2016-10-25
airlines-1477478154494.json,2016-10-26
airlines-1477526561643.json,2016-10-27
airlines-1477574435441.json,2016-10-27
airlines-1477637314430.json,2016-10-28
airlines-1477685334501.json,2016-10-28
airlines-1477723930960.json,2016-10-29
airlines-1477789531387.json,2016-10-30
airlines-1477881791145.json,2016-10-31
airlines-1477942900779.json,2016-10-31
airlines-1478001776960.json,2016-11-01
airlines-1478046464678.json,2016-11-02
airlines-1478101145291.json,2016-11-02
airlines-1478148810495.json,2016-11-03
airlines-1478197595200.json,2016-11-03
airlines-1478266228356.json,2016-11-04
airlines-1478307556641.json,2016-11-05
airlines-1478352535179.json,2016-11-05
airlines-1478422325804.json,2016-11-06
airlines-1478457623782.json,2016-11-06
airlines-1479219802911.json,2016-11-15
airlines-1479297370966.json,2016-11-16
airlines-1479364965153.json,2016-11-17
airlines-1479446908368.json,2016-11-18
airlines-1479524572074.json,2016-11-19
airlines-1479600749031.json,2016-11-20
airlines-1479703170372.json,2016-11-21
airlines-1479768891100.json,2016-11-21
airlines-1479830823110.json,2016-11-22
airlines-1479869413910.json,2016-11-23
airlines-1479898030710.json,2016-11-23
airlines-1479920771441.json,2016-11-23
airlines-1479958742140.json,2016-11-24
airlines-1480002724688.json,2016-11-24
airlines-1480055770435.json,2016-11-25
airlines-1480089867693.json,2016-11-25
airlines-1480151571493.json,2016-11-26
airlines-1480226433077.json,2016-11-27
airlines-1480284336534.json,2016-11-27
airlines-1480336622848.json,2016-11-28
airlines-1480369851402.json,2016-11-28
airlines-1480419661441.json,2016-11-29
airlines-1480461251244.json,2016-11-30
airlines-1480513389926.json,2016-11-30
airlines-1480559981850.json,2016-12-01
airlines-1480620711504.json,2016-12-01
airlines-1480687586762.json,2016-12-02
airlines-1480760396075.json,2016-12-03
airlines-1480824255967.json,2016-12-04
airlines-1480884037594.json,2016-12-04
airlines-1480947048399.json,2016-12-05
airlines-1481010220820.json,2016-12-06
airlines-1481062803273.json,2016-12-06
airlines-1481121334099.json,2016-12-07
airlines-1481176039015.json,2016-12-08
airlines-1481223727794.json,2016-12-08
airlines-1481290549713.json,2016-12-09
airlines-1481342646233.json,2016-12-10
airlines-1481392172739.json,2016-12-10
airlines-1481465808573.json,2016-12-11
airlines-1481542439075.json,2016-12-12
airlines-1481598652914.json,2016-12-13
airlines-1481651277526.json,2016-12-13
airlines-1481717344598.json,2016-12-14
airlines-1481764386326.json,2016-12-15
airlines-1481824684106.json,2016-12-15
airlines-1481893402414.json,2016-12-16
airlines-1481949657212.json,2016-12-17
airlines-1482003491944.json,2016-12-17
airlines-1482061971445.json,2016-12-18
airlines-1482126127555.json,2016-12-19
airlines-1482185218041.json,2016-12-19
airlines-1482252091880.json,2016-12-20
airlines-1482324715035.json,2016-12-21
airlines-1482364348764.json,2016-12-22
airlines-1482421956565.json,2016-12-22
airlines-1482490626109.json,2016-12-23
airlines-1482544285410.json,2016-12-24
airlines-1482590377975.json,2016-12-24
airlines-1482660742218.json,2016-12-25
airlines-1482745052417.json,2016-12-26
airlines-1482809880397.json,2016-12-27
airlines-1482869941087.json,2016-12-27
airlines-1482929701072.json,2016-12-28
airlines-1482973345125.json,2016-12-29
airlines-1485513828349.json,2017-01-27
airlines-1485606520693.json,2017-01-28
airlines-1485629034920.json,2017-01-28
airlines-1485652508006.json,2017-01-29
airlines-1485700844296.json,2017-01-29
airlines-1485766861072.json,2017-01-30
airlines-1485825341232.json,2017-01-31
airlines-1485894567743.json,2017-01-31
airlines-1485973452837.json,2017-02-01
airlines-1486053829536.json,2017-02-02
airlines-1486105270143.json,2017-02-03
airlines-1486150940639.json,2017-02-03
airlines-1486223355128.json,2017-02-04
airlines-1486315983250.json,2017-02-05
airlines-1486395804641.json,2017-02-06
airlines-1486473956607.json,2017-02-07
airlines-1486554069378.json,2017-02-08
airlines-1486608541828.json,2017-02-09
airlines-1486667878625.json,2017-02-09
airlines-1486756277442.json,2017-02-10
airlines-1486841489590.json,2017-02-11
airlines-1486956990659.json,2017-02-13
airlines-1487058931359.json,2017-02-14
airlines-1487153748299.json,2017-02-15
airlines-1487223693360.json,2017-02-16
airlines-1487279629162.json,2017-02-16
airlines-1487358647619.json,2017-02-17
airlines-1487462965546.json,2017-02-19
airlines-1487574610734.json,2017-02-20
airlines-1487637224672.json,2017-02-21
airlines-1487693507829.json,2017-02-21
airlines-1487774822901.json,2017-02-22
airlines-1487850149484.json,2017-02-23
airlines-1487917845265.json,2017-02-24
airlines-1488001351344.json,2017-02-25
airlines-1488098617907.json,2017-02-26
airlines-1488193264682.json,2017-02-27
airlines-1488281431881.json,2017-02-28
airlines-1488362192181.json,2017-03-01
airlines-1488449315694.json,2017-03-02
airlines-1488538841148.json,2017-03-03
airlines-1488626077973.json,2017-03-04
airlines-1488743491220.json,2017-03-05
airlines-1488826708400.json,2017-03-06
airlines-1488908312943.json,2017-03-07
airlines-1488988992032.json,2017-03-08
airlines-1489070851659.json,2017-03-09
airlines-1489151135904.json,2017-03-10
airlines-1489216030534.json,2017-03-11
airlines-1489325769532.json,2017-03-12
airlines-1489412009707.json,2017-03-13
airlines-1489468695709.json,2017-03-14
airlines-1489529720913.json,2017-03-14
airlines-1489593855093.json,2017-03-15
airlines-1489666256161.json,2017-03-16
airlines-1489741324149.json,2017-03-17
airlines-1489821386831.json,2017-03-18
airlines-1489901410616.json,2017-03-19
airlines-1489994327829.json,2017-03-20
airlines-1490084215602.json,2017-03-21
airlines-1490164094511.json,2017-03-22
airlines-1490222308370.json,2017-03-22
airlines-1490320714831.json,2017-03-24
airlines-1490391325446.json,2017-03-24
airlines-1490526807148.json,2017-03-26
airlines-1490607682334.json,2017-03-27
airlines-1490648187773.json,2017-03-27
airlines-1490714864176.json,2017-03-28
airlines-1490787099697.json,2017-03-29
